{
  " Simple Travel Agency!" : {
    "transaction" : " Simple Travel Agency!",
    "sampleCount" : 100,
    "errorCount" : 10,
    "errorPct" : 10.0,
    "meanResTime" : 1354.49,
    "medianResTime" : 690.5,
    "minResTime" : 504.0,
    "maxResTime" : 24248.0,
    "pct1ResTime" : 1499.0000000000005,
    "pct2ResTime" : 2805.349999999996,
    "pct3ResTime" : 24148.20999999995,
    "throughput" : 3.2250782081465474,
    "receivedKBytesPerSec" : 14.695837331086528,
    "sentKBytesPerSec" : 0.3779388525171735
  },
  "CSVBooking" : {
    "transaction" : "CSVBooking",
    "sampleCount" : 100,
    "errorCount" : 98,
    "errorPct" : 98.0,
    "meanResTime" : 18.740000000000002,
    "medianResTime" : 0.0,
    "minResTime" : 0.0,
    "maxResTime" : 992.0,
    "pct1ResTime" : 0.0,
    "pct2ResTime" : 0.0,
    "pct3ResTime" : 990.8999999999994,
    "throughput" : 3.324468085106383,
    "receivedKBytesPerSec" : 4.642372942985372,
    "sentKBytesPerSec" : 0.01908971908244681
  },
  "Total" : {
    "transaction" : "Total",
    "sampleCount" : 500,
    "errorCount" : 229,
    "errorPct" : 45.8,
    "meanResTime" : 921.7940000000007,
    "medianResTime" : 512.0,
    "minResTime" : 0.0,
    "maxResTime" : 24248.0,
    "pct1ResTime" : 1034.6000000000001,
    "pct2ResTime" : 1507.1999999999998,
    "pct3ResTime" : 14404.630000000001,
    "throughput" : 5.54385186827808,
    "receivedKBytesPerSec" : 27.696120256541747,
    "sentKBytesPerSec" : 1.2223327142698748
  },
  "Simulate Flight Search" : {
    "transaction" : "Simulate Flight Search",
    "sampleCount" : 100,
    "errorCount" : 2,
    "errorPct" : 2.0,
    "meanResTime" : 912.22,
    "medianResTime" : 531.5,
    "minResTime" : 325.0,
    "maxResTime" : 19064.0,
    "pct1ResTime" : 1055.1000000000001,
    "pct2ResTime" : 1644.9999999999977,
    "pct3ResTime" : 18992.319999999963,
    "throughput" : 3.2214419174022293,
    "receivedKBytesPerSec" : 22.349822921364602,
    "sentKBytesPerSec" : 0.7833389037433155
  },
  "Booking" : {
    "transaction" : "Booking",
    "sampleCount" : 100,
    "errorCount" : 100,
    "errorPct" : 100.0,
    "meanResTime" : 1220.55,
    "medianResTime" : 514.5,
    "minResTime" : 393.0,
    "maxResTime" : 15806.0,
    "pct1ResTime" : 877.0000000000009,
    "pct2ResTime" : 11325.99999999988,
    "pct3ResTime" : 15791.999999999993,
    "throughput" : 3.2278889606197545,
    "receivedKBytesPerSec" : 20.974753116930277,
    "sentKBytesPerSec" : 1.610792244996772
  },
  "Confirmation" : {
    "transaction" : "Confirmation",
    "sampleCount" : 100,
    "errorCount" : 19,
    "errorPct" : 19.0,
    "meanResTime" : 1102.9699999999996,
    "medianResTime" : 507.0,
    "minResTime" : 322.0,
    "maxResTime" : 15484.0,
    "pct1ResTime" : 1150.0,
    "pct2ResTime" : 1761.7999999999968,
    "pct3ResTime" : 15460.729999999989,
    "throughput" : 3.244751614263928,
    "receivedKBytesPerSec" : 18.138668516175088,
    "sentKBytesPerSec" : 0.769994767838022
  }
}